workload,n_banks,variant,total_deltas,cycles,wall_time_ms,throughput_ops_per_ms,merge_time_us,overflow_detected
W6.1_xor_N1,1,xor,50000,50000,37.5818,1330.43,0.2757,False
W6.1_xor_N1,1,xor,50000,50000,37.8732,1320.19,0.2791,False
W6.1_xor_N1,1,xor,50000,50000,38.3181,1304.87,0.2818,False
W6.1_xor_N1,1,xor,50000,50000,37.7066,1326.03,0.2776,False
W6.1_xor_N1,1,xor,50000,50000,38.2173,1308.31,0.2815,False
W6.1_xor_N1,1,xor,50000,50000,38.4342,1300.92,0.2819,False
W6.1_xor_N1,1,xor,50000,50000,37.9004,1319.25,0.2752,False
W6.1_xor_N1,1,xor,50000,50000,39.9341,1252.06,0.2821,False
W6.1_xor_N1,1,xor,50000,50000,38.6185,1294.72,0.2799,False
W6.1_xor_N1,1,xor,50000,50000,38.6152,1294.83,0.2826,False
W6.1_xor_N1,1,xor,50000,50000,37.536,1332.05,0.2772,False
W6.1_xor_N1,1,xor,50000,50000,38.1679,1310.0,0.2859,False
W6.1_xor_N1,1,xor,50000,50000,37.937,1317.97,0.2769,False
W6.1_xor_N1,1,xor,50000,50000,37.732,1325.14,0.2735,False
W6.1_xor_N1,1,xor,50000,50000,37.4093,1336.57,0.2744,False
W6.1_xor_N1,1,xor,50000,50000,37.4105,1336.52,0.2754,False
W6.1_xor_N1,1,xor,50000,50000,38.2268,1307.98,0.2744,False
W6.1_xor_N1,1,xor,50000,50000,38.1028,1312.24,0.2765,False
W6.1_xor_N1,1,xor,50000,50000,37.5093,1333.0,0.2757,False
W6.1_xor_N1,1,xor,50000,50000,37.4677,1334.48,0.2757,False
W6.1_xor_N1,1,xor,50000,50000,39.3137,1271.82,0.2791,False
W6.1_xor_N1,1,xor,50000,50000,38.0904,1312.67,0.2824,False
W6.1_xor_N1,1,xor,50000,50000,37.9481,1317.59,0.2758,False
W6.1_xor_N1,1,xor,50000,50000,38.3797,1302.77,0.277,False
W6.1_xor_N1,1,xor,50000,50000,37.9988,1315.83,0.2766,False
W6.1_xor_N1,1,xor,50000,50000,38.8584,1286.72,0.2885,False
W6.1_xor_N1,1,xor,50000,50000,37.9582,1317.24,0.2798,False
W6.1_xor_N1,1,xor,50000,50000,37.9591,1317.21,0.2751,False
W6.1_xor_N1,1,xor,50000,50000,37.9545,1317.37,0.2764,False
W6.1_xor_N1,1,xor,50000,50000,37.9808,1316.45,0.2761,False
W6.1_xor_N1,1,xor,50000,50000,38.3195,1304.82,0.2786,False
W6.1_xor_N1,1,xor,50000,50000,37.7752,1323.62,0.2801,False
W6.1_xor_N1,1,xor,50000,50000,37.7287,1325.25,0.2752,False
W6.1_xor_N1,1,xor,50000,50000,37.7484,1324.56,0.2735,False
W6.1_xor_N1,1,xor,50000,50000,37.9224,1318.48,0.2742,False
W6.1_xor_N1,1,xor,50000,50000,37.918,1318.63,0.2743,False
W6.1_xor_N1,1,xor,50000,50000,38.2725,1306.42,0.2876,False
W6.1_xor_N1,1,xor,50000,50000,38.4352,1300.89,0.2792,False
W6.1_xor_N1,1,xor,50000,50000,37.8803,1319.95,0.2766,False
W6.1_xor_N1,1,xor,50000,50000,37.7367,1324.97,0.2757,False
W6.1_xor_N1,1,xor,50000,50000,37.7612,1324.11,0.2749,False
W6.1_xor_N1,1,xor,50000,50000,37.843,1321.25,0.2766,False
W6.1_xor_N1,1,xor,50000,50000,37.7004,1326.25,0.2758,False
W6.1_xor_N1,1,xor,50000,50000,37.8097,1322.41,0.2782,False
W6.1_xor_N1,1,xor,50000,50000,38.0031,1315.68,0.2779,False
W6.1_xor_N1,1,xor,50000,50000,38.2243,1308.07,0.2796,False
W6.1_xor_N1,1,xor,50000,50000,37.758,1324.22,0.277,False
W6.1_xor_N1,1,xor,50000,50000,37.5686,1330.9,0.278,False
W6.1_xor_N1,1,xor,50000,50000,38.2917,1305.77,0.281,False
W6.1_xor_N1,1,xor,50000,50000,38.2366,1307.65,0.2807,False
W6.1_xor_N1,1,xor,50000,50000,37.9151,1318.74,0.2784,False
W6.1_xor_N1,1,xor,50000,50000,38.1984,1308.96,0.282,False
W6.1_xor_N1,1,xor,50000,50000,37.8587,1320.7,0.2775,False
W6.1_xor_N1,1,xor,50000,50000,37.4108,1336.51,0.2764,False
W6.1_xor_N1,1,xor,50000,50000,37.7568,1324.26,0.2759,False
W6.1_xor_N1,1,xor,50000,50000,38.0705,1313.35,0.2807,False
W6.1_xor_N1,1,xor,50000,50000,37.6508,1327.99,0.277,False
W6.1_xor_N1,1,xor,50000,50000,37.6964,1326.39,0.2755,False
W6.1_xor_N1,1,xor,50000,50000,38.1514,1310.57,0.2808,False
W6.1_xor_N1,1,xor,50000,50000,37.4371,1335.57,0.2767,False
W6.1_xor_N1,1,xor,50000,50000,38.2293,1307.9,0.2804,False
W6.1_xor_N1,1,xor,50000,50000,37.2831,1341.09,0.2742,False
W6.1_xor_N1,1,xor,50000,50000,37.6195,1329.1,0.2757,False
W6.1_xor_N1,1,xor,50000,50000,37.833,1321.6,0.277,False
W6.1_xor_N1,1,xor,50000,50000,37.6401,1328.37,0.2732,False
W6.1_xor_N1,1,xor,50000,50000,37.417,1336.29,0.2742,False
W6.1_xor_N1,1,xor,50000,50000,37.9203,1318.55,0.2784,False
W6.1_xor_N1,1,xor,50000,50000,47.2536,1058.12,0.3475,False
W6.1_xor_N1,1,xor,50000,50000,38.5963,1295.46,0.2818,False
W6.1_xor_N1,1,xor,50000,50000,38.3141,1305.0,0.2775,False
W6.1_xor_N1,1,xor,50000,50000,50.9005,982.31,0.3757,False
W6.1_xor_N1,1,xor,50000,50000,49.0546,1019.27,0.3607,False
W6.1_xor_N1,1,xor,50000,50000,45.272,1104.44,0.3323,False
W6.1_xor_N1,1,xor,50000,50000,39.5245,1265.04,0.2887,False
W6.1_xor_N1,1,xor,50000,50000,38.9018,1285.29,0.2851,False
W6.1_xor_N1,1,xor,50000,50000,43.7541,1142.75,0.3237,False
W6.1_xor_N1,1,xor,50000,50000,47.4003,1054.85,0.3495,False
W6.1_xor_N1,1,xor,50000,50000,39.5818,1263.21,0.2875,False
W6.1_xor_N1,1,xor,50000,50000,53.8649,928.25,0.3983,False
W6.1_xor_N1,1,xor,50000,50000,38.8957,1285.49,0.2833,False
W6.1_xor_N1,1,xor,50000,50000,46.0597,1085.55,0.3396,False
W6.1_xor_N1,1,xor,50000,50000,44.8415,1115.04,0.3292,False
W6.1_xor_N1,1,xor,50000,50000,41.3027,1210.57,0.3036,False
W6.1_xor_N1,1,xor,50000,50000,48.4346,1032.32,0.3555,False
W6.1_xor_N1,1,xor,50000,50000,48.1902,1037.56,0.3532,False
W6.1_xor_N1,1,xor,50000,50000,38.3184,1304.86,0.2825,False
W6.1_xor_N1,1,xor,50000,50000,47.0899,1061.8,0.3452,False
W6.1_xor_N1,1,xor,50000,50000,45.7698,1092.42,0.3361,False
W6.1_xor_N1,1,xor,50000,50000,46.3962,1077.67,0.3375,False
W6.1_xor_N1,1,xor,50000,50000,44.3425,1127.59,0.3253,False
W6.1_xor_N1,1,xor,50000,50000,38.2889,1305.86,0.2814,False
W6.1_xor_N1,1,xor,50000,50000,51.4607,971.62,0.3798,False
W6.1_xor_N1,1,xor,50000,50000,52.5119,952.17,0.3858,False
W6.1_xor_N1,1,xor,50000,50000,42.8224,1167.61,0.3162,False
W6.1_xor_N1,1,xor,50000,50000,47.7443,1047.25,0.3538,False
W6.1_xor_N1,1,xor,50000,50000,39.1675,1276.57,0.2884,False
W6.1_xor_N1,1,xor,50000,50000,50.8007,984.24,0.3744,False
W6.1_xor_N1,1,xor,50000,50000,46.467,1076.03,0.3406,False
W6.1_xor_N1,1,xor,50000,50000,38.3983,1302.14,0.2827,False
W6.1_xor_N1,1,xor,50000,50000,40.3827,1238.15,0.295,False
W6.1_xor_N2,2,xor,50000,25000,31.3641,1594.18,0.4246,False
W6.1_xor_N2,2,xor,50000,25000,24.7905,2016.9,0.3398,False
W6.1_xor_N2,2,xor,50000,25000,33.8519,1477.02,0.4598,False
W6.1_xor_N2,2,xor,50000,25000,25.2656,1978.98,0.3396,False
W6.1_xor_N2,2,xor,50000,25000,30.5214,1638.19,0.4133,False
W6.1_xor_N2,2,xor,50000,25000,33.3899,1497.46,0.4548,False
W6.1_xor_N2,2,xor,50000,25000,26.7189,1871.33,0.365,False
W6.1_xor_N2,2,xor,50000,25000,25.0915,1992.71,0.3381,False
W6.1_xor_N2,2,xor,50000,25000,27.1442,1842.01,0.3662,False
W6.1_xor_N2,2,xor,50000,25000,28.2712,1768.58,0.3817,False
W6.1_xor_N2,2,xor,50000,25000,29.3616,1702.9,0.4033,False
W6.1_xor_N2,2,xor,50000,25000,26.9122,1857.89,0.3676,False
W6.1_xor_N2,2,xor,50000,25000,31.2741,1598.77,0.4258,False
W6.1_xor_N2,2,xor,50000,25000,25.1625,1987.08,0.3427,False
W6.1_xor_N2,2,xor,50000,25000,25.375,1970.44,0.3394,False
W6.1_xor_N2,2,xor,50000,25000,26.0588,1918.74,0.3534,False
W6.1_xor_N2,2,xor,50000,25000,33.5248,1491.43,0.4563,False
W6.1_xor_N2,2,xor,50000,25000,25.4202,1966.94,0.3461,False
W6.1_xor_N2,2,xor,50000,25000,25.2503,1980.17,0.3419,False
W6.1_xor_N2,2,xor,50000,25000,30.5129,1638.65,0.4085,False
W6.1_xor_N2,2,xor,50000,25000,26.4736,1888.67,0.3609,False
W6.1_xor_N2,2,xor,50000,25000,35.6937,1400.81,0.4836,False
W6.1_xor_N2,2,xor,50000,25000,33.2119,1505.48,0.4517,False
W6.1_xor_N2,2,xor,50000,25000,27.6044,1811.31,0.3634,False
W6.1_xor_N2,2,xor,50000,25000,28.3118,1766.05,0.3888,False
W6.1_xor_N2,2,xor,50000,25000,36.6646,1363.71,0.496,False
W6.1_xor_N2,2,xor,50000,25000,26.1461,1912.33,0.3518,False
W6.1_xor_N2,2,xor,50000,25000,27.3703,1826.8,0.3718,False
W6.1_xor_N2,2,xor,50000,25000,29.7571,1680.27,0.4054,False
W6.1_xor_N2,2,xor,50000,25000,28.4822,1755.48,0.385,False
W6.1_xor_N2,2,xor,50000,25000,26.0872,1916.65,0.3519,False
W6.1_xor_N2,2,xor,50000,25000,25.1525,1987.87,0.3416,False
W6.1_xor_N2,2,xor,50000,25000,26.5977,1879.86,0.3622,False
W6.1_xor_N2,2,xor,50000,25000,25.8299,1935.74,0.3513,False
W6.1_xor_N2,2,xor,50000,25000,25.2056,1983.69,0.343,False
W6.1_xor_N2,2,xor,50000,25000,25.3898,1969.29,0.3456,False
W6.1_xor_N2,2,xor,50000,25000,34.0694,1467.59,0.4596,False
W6.1_xor_N2,2,xor,50000,25000,26.9728,1853.72,0.3639,False
W6.1_xor_N2,2,xor,50000,25000,25.057,1995.45,0.337,False
W6.1_xor_N2,2,xor,50000,25000,30.1179,1660.14,0.4096,False
W6.1_xor_N2,2,xor,50000,25000,26.7788,1867.15,0.3643,False
W6.1_xor_N2,2,xor,50000,25000,33.1113,1510.06,0.4529,False
W6.1_xor_N2,2,xor,50000,25000,26.4273,1891.98,0.3588,False
W6.1_xor_N2,2,xor,50000,25000,25.285,1977.46,0.3437,False
W6.1_xor_N2,2,xor,50000,25000,25.2973,1976.5,0.3459,False
W6.1_xor_N2,2,xor,50000,25000,24.8669,2010.7,0.3393,False
W6.1_xor_N2,2,xor,50000,25000,24.9968,2000.26,0.3393,False
W6.1_xor_N2,2,xor,50000,25000,25.2261,1982.07,0.3447,False
W6.1_xor_N2,2,xor,50000,25000,24.7099,2023.48,0.3355,False
W6.1_xor_N2,2,xor,50000,25000,24.6322,2029.86,0.3352,False
W6.1_xor_N2,2,xor,50000,25000,25.584,1954.35,0.3434,False
W6.1_xor_N2,2,xor,50000,25000,30.7194,1627.64,0.4134,False
W6.1_xor_N2,2,xor,50000,25000,30.4601,1641.49,0.4127,False
W6.1_xor_N2,2,xor,50000,25000,25.499,1960.86,0.3413,False
W6.1_xor_N2,2,xor,50000,25000,32.2508,1550.35,0.4385,False
W6.1_xor_N2,2,xor,50000,25000,27.8627,1794.51,0.3753,False
W6.1_xor_N2,2,xor,50000,25000,36.3072,1377.14,0.495,False
W6.1_xor_N2,2,xor,50000,25000,34.0139,1469.99,0.4607,False
W6.1_xor_N2,2,xor,50000,25000,25.4043,1968.17,0.346,False
W6.1_xor_N2,2,xor,50000,25000,34.0064,1470.31,0.466,False
W6.1_xor_N2,2,xor,50000,25000,25.5241,1958.93,0.3492,False
W6.1_xor_N2,2,xor,50000,25000,37.0312,1350.21,0.504,False
W6.1_xor_N2,2,xor,50000,25000,25.4772,1962.54,0.3429,False
W6.1_xor_N2,2,xor,50000,25000,25.2781,1978.0,0.3449,False
W6.1_xor_N2,2,xor,50000,25000,24.9793,2001.66,0.3371,False
W6.1_xor_N2,2,xor,50000,25000,26.3862,1894.93,0.3599,False
W6.1_xor_N2,2,xor,50000,25000,25.581,1954.58,0.3465,False
W6.1_xor_N2,2,xor,50000,25000,27.8278,1796.76,0.38,False
W6.1_xor_N2,2,xor,50000,25000,27.6942,1805.43,0.3767,False
W6.1_xor_N2,2,xor,50000,25000,32.0676,1559.21,0.4388,False
W6.1_xor_N2,2,xor,50000,25000,25.0257,1997.95,0.3402,False
W6.1_xor_N2,2,xor,50000,25000,25.2712,1978.54,0.3406,False
W6.1_xor_N2,2,xor,50000,25000,32.2771,1549.09,0.4388,False
W6.1_xor_N2,2,xor,50000,25000,31.9608,1564.42,0.4347,False
W6.1_xor_N2,2,xor,50000,25000,25.0016,1999.87,0.3385,False
W6.1_xor_N2,2,xor,50000,25000,36.8726,1356.02,0.5015,False
W6.1_xor_N2,2,xor,50000,25000,27.9459,1789.17,0.3783,False
W6.1_xor_N2,2,xor,50000,25000,25.9711,1925.22,0.3547,False
W6.1_xor_N2,2,xor,50000,25000,25.2049,1983.74,0.3359,False
W6.1_xor_N2,2,xor,50000,25000,25.0723,1994.23,0.3373,False
W6.1_xor_N2,2,xor,50000,25000,30.5858,1634.75,0.4117,False
W6.1_xor_N2,2,xor,50000,25000,27.6097,1810.96,0.3709,False
W6.1_xor_N2,2,xor,50000,25000,28.0119,1784.96,0.3776,False
W6.1_xor_N2,2,xor,50000,25000,35.622,1403.63,0.4837,False
W6.1_xor_N2,2,xor,50000,25000,29.8428,1675.45,0.4046,False
W6.1_xor_N2,2,xor,50000,25000,25.9668,1925.54,0.3456,False
W6.1_xor_N2,2,xor,50000,25000,35.5554,1406.26,0.4839,False
W6.1_xor_N2,2,xor,50000,25000,29.5184,1693.86,0.4003,False
W6.1_xor_N2,2,xor,50000,25000,26.1943,1908.81,0.3571,False
W6.1_xor_N2,2,xor,50000,25000,27.5322,1816.06,0.3765,False
W6.1_xor_N2,2,xor,50000,25000,37.0358,1350.05,0.5012,False
W6.1_xor_N2,2,xor,50000,25000,26.1174,1914.43,0.3523,False
W6.1_xor_N2,2,xor,50000,25000,30.0655,1663.04,0.4103,False
W6.1_xor_N2,2,xor,50000,25000,33.7275,1482.47,0.4584,False
W6.1_xor_N2,2,xor,50000,25000,25.1393,1988.92,0.3413,False
W6.1_xor_N2,2,xor,50000,25000,31.9011,1567.34,0.4346,False
W6.1_xor_N2,2,xor,50000,25000,26.1998,1908.41,0.3571,False
W6.1_xor_N2,2,xor,50000,25000,25.6977,1945.7,0.3482,False
W6.1_xor_N2,2,xor,50000,25000,25.5386,1957.82,0.3445,False
W6.1_xor_N2,2,xor,50000,25000,33.0653,1512.16,0.4508,False
W6.1_xor_N4,4,xor,50000,12500,18.3144,2730.09,0.4594,False
W6.1_xor_N4,4,xor,50000,12500,22.6557,2206.95,0.5702,False
W6.1_xor_N4,4,xor,50000,12500,19.5281,2560.41,0.4951,False
W6.1_xor_N4,4,xor,50000,12500,26.836,1863.17,0.6846,False
W6.1_xor_N4,4,xor,50000,12500,18.4595,2708.63,0.4618,False
W6.1_xor_N4,4,xor,50000,12500,19.4101,2575.98,0.4895,False
W6.1_xor_N4,4,xor,50000,12500,26.536,1884.23,0.6669,False
W6.1_xor_N4,4,xor,50000,12500,18.4351,2712.22,0.4667,False
W6.1_xor_N4,4,xor,50000,12500,18.0954,2763.13,0.4577,False
W6.1_xor_N4,4,xor,50000,12500,19.5762,2554.12,0.4822,False
W6.1_xor_N4,4,xor,50000,12500,18.1505,2754.75,0.459,False
W6.1_xor_N4,4,xor,50000,12500,19.1166,2615.53,0.4796,False
W6.1_xor_N4,4,xor,50000,12500,18.8026,2659.21,0.4687,False
W6.1_xor_N4,4,xor,50000,12500,27.4031,1824.61,0.6795,False
W6.1_xor_N4,4,xor,50000,12500,27.3142,1830.55,0.6941,False
W6.1_xor_N4,4,xor,50000,12500,20.9638,2385.06,0.5271,False
W6.1_xor_N4,4,xor,50000,12500,18.11,2760.91,0.4543,False
W6.1_xor_N4,4,xor,50000,12500,19.2594,2596.13,0.4908,False
W6.1_xor_N4,4,xor,50000,12500,23.4405,2133.06,0.5946,False
W6.1_xor_N4,4,xor,50000,12500,22.2268,2249.54,0.5632,False
W6.1_xor_N4,4,xor,50000,12500,21.5274,2322.62,0.532,False
W6.1_xor_N4,4,xor,50000,12500,18.8826,2647.94,0.4765,False
W6.1_xor_N4,4,xor,50000,12500,18.15,2754.82,0.4553,False
W6.1_xor_N4,4,xor,50000,12500,19.5668,2555.35,0.4802,False
W6.1_xor_N4,4,xor,50000,12500,18.326,2728.36,0.463,False
W6.1_xor_N4,4,xor,50000,12500,24.8905,2008.8,0.6282,False
W6.1_xor_N4,4,xor,50000,12500,18.2664,2737.27,0.46,False
W6.1_xor_N4,4,xor,50000,12500,20.7242,2412.64,0.5232,False
W6.1_xor_N4,4,xor,50000,12500,21.5533,2319.83,0.5459,False
W6.1_xor_N4,4,xor,50000,12500,18.2238,2743.66,0.4615,False
W6.1_xor_N4,4,xor,50000,12500,26.6391,1876.94,0.6656,False
W6.1_xor_N4,4,xor,50000,12500,19.5941,2551.79,0.4884,False
W6.1_xor_N4,4,xor,50000,12500,18.3512,2724.62,0.4627,False
W6.1_xor_N4,4,xor,50000,12500,20.4299,2447.39,0.5142,False
W6.1_xor_N4,4,xor,50000,12500,18.7912,2660.82,0.4692,False
W6.1_xor_N4,4,xor,50000,12500,26.6619,1875.34,0.6853,False
W6.1_xor_N4,4,xor,50000,12500,18.4193,2714.54,0.4708,False
W6.1_xor_N4,4,xor,50000,12500,17.9369,2787.55,0.4543,False
W6.1_xor_N4,4,xor,50000,12500,18.3426,2725.89,0.4609,False
W6.1_xor_N4,4,xor,50000,12500,17.9967,2778.29,0.4509,False
W6.1_xor_N4,4,xor,50000,12500,18.1953,2747.96,0.4515,False
W6.1_xor_N4,4,xor,50000,12500,18.2309,2742.6,0.4612,False
W6.1_xor_N4,4,xor,50000,12500,18.5366,2697.37,0.465,False
W6.1_xor_N4,4,xor,50000,12500,18.3712,2721.65,0.4565,False
W6.1_xor_N4,4,xor,50000,12500,23.5906,2119.49,0.5495,False
W6.1_xor_N4,4,xor,50000,12500,31.2826,1598.33,0.7024,False
W6.1_xor_N4,4,xor,50000,12500,22.4279,2229.37,0.5155,False
W6.1_xor_N4,4,xor,50000,12500,19.6494,2544.61,0.4782,False
W6.1_xor_N4,4,xor,50000,12500,22.2532,2246.87,0.5207,False
W6.1_xor_N4,4,xor,50000,12500,29.4097,1700.12,0.6721,False
W6.1_xor_N4,4,xor,50000,12500,31.8018,1572.24,0.731,False
W6.1_xor_N4,4,xor,50000,12500,21.8179,2291.7,0.5307,False
W6.1_xor_N4,4,xor,50000,12500,24.8378,2013.06,0.6282,False
W6.1_xor_N4,4,xor,50000,12500,24.113,2073.57,0.598,False
W6.1_xor_N4,4,xor,50000,12500,18.6457,2681.58,0.4702,False
W6.1_xor_N4,4,xor,50000,12500,25.3846,1969.7,0.6467,False
W6.1_xor_N4,4,xor,50000,12500,18.2671,2737.16,0.4594,False
W6.1_xor_N4,4,xor,50000,12500,21.1748,2361.3,0.5336,False
W6.1_xor_N4,4,xor,50000,12500,27.1141,1844.06,0.6784,False
W6.1_xor_N4,4,xor,50000,12500,21.171,2361.72,0.5345,False
W6.1_xor_N4,4,xor,50000,12500,21.9209,2280.93,0.548,False
W6.1_xor_N4,4,xor,50000,12500,18.6245,2684.64,0.4682,False
W6.1_xor_N4,4,xor,50000,12500,18.4533,2709.54,0.4638,False
W6.1_xor_N4,4,xor,50000,12500,18.2661,2737.31,0.4556,False
W6.1_xor_N4,4,xor,50000,12500,18.998,2631.86,0.4804,False
W6.1_xor_N4,4,xor,50000,12500,18.7031,2673.35,0.4628,False
W6.1_xor_N4,4,xor,50000,12500,25.0301,1997.59,0.631,False
W6.1_xor_N4,4,xor,50000,12500,18.5654,2693.18,0.4684,False
W6.1_xor_N4,4,xor,50000,12500,18.5052,2701.94,0.4689,False
W6.1_xor_N4,4,xor,50000,12500,18.212,2745.44,0.4589,False
W6.1_xor_N4,4,xor,50000,12500,18.3717,2721.58,0.4638,False
W6.1_xor_N4,4,xor,50000,12500,18.1493,2754.93,0.4556,False
W6.1_xor_N4,4,xor,50000,12500,18.3374,2726.67,0.4655,False
W6.1_xor_N4,4,xor,50000,12500,19.83,2521.43,0.5014,False
W6.1_xor_N4,4,xor,50000,12500,24.0077,2082.67,0.6058,False
W6.1_xor_N4,4,xor,50000,12500,19.7333,2533.79,0.4978,False
W6.1_xor_N4,4,xor,50000,12500,18.2218,2743.97,0.4604,False
W6.1_xor_N4,4,xor,50000,12500,23.9185,2090.43,0.6034,False
W6.1_xor_N4,4,xor,50000,12500,27.1832,1839.37,0.6857,False
W6.1_xor_N4,4,xor,50000,12500,18.4709,2706.96,0.4635,False
W6.1_xor_N4,4,xor,50000,12500,18.3076,2731.11,0.4621,False
W6.1_xor_N4,4,xor,50000,12500,19.0574,2623.65,0.4758,False
W6.1_xor_N4,4,xor,50000,12500,25.2724,1978.44,0.6207,False
W6.1_xor_N4,4,xor,50000,12500,24.4585,2044.28,0.5678,False
W6.1_xor_N4,4,xor,50000,12500,19.0503,2624.63,0.4749,False
W6.1_xor_N4,4,xor,50000,12500,19.3778,2580.27,0.4681,False
W6.1_xor_N4,4,xor,50000,12500,28.6821,1743.25,0.6579,False
W6.1_xor_N4,4,xor,50000,12500,31.4093,1591.89,0.7051,False
W6.1_xor_N4,4,xor,50000,12500,27.0599,1847.75,0.5982,False
W6.1_xor_N4,4,xor,50000,12500,23.3783,2138.74,0.5252,False
W6.1_xor_N4,4,xor,50000,12500,19.2844,2592.77,0.4765,False
W6.1_xor_N4,4,xor,50000,12500,32.2225,1551.71,0.7301,False
W6.1_xor_N4,4,xor,50000,12500,30.2532,1652.72,0.7076,False
W6.1_xor_N4,4,xor,50000,12500,21.2658,2351.19,0.5236,False
W6.1_xor_N4,4,xor,50000,12500,26.2534,1904.52,0.6077,False
W6.1_xor_N4,4,xor,50000,12500,19.6381,2546.07,0.4892,False
W6.1_xor_N4,4,xor,50000,12500,24.463,2043.9,0.6169,False
W6.1_xor_N4,4,xor,50000,12500,18.6217,2685.04,0.4663,False
W6.1_xor_N4,4,xor,50000,12500,26.7435,1869.61,0.6806,False
W6.1_xor_N4,4,xor,50000,12500,18.7404,2668.03,0.47,False
W6.1_xor_N8,8,xor,50000,6250,14.4874,3451.27,0.6738,False
W6.1_xor_N8,8,xor,50000,6250,14.8083,3376.48,0.6795,False
W6.1_xor_N8,8,xor,50000,6250,21.1638,2362.52,0.9904,False
W6.1_xor_N8,8,xor,50000,6250,22.0116,2271.53,1.0337,False
W6.1_xor_N8,8,xor,50000,6250,15.3709,3252.9,0.7061,False
W6.1_xor_N8,8,xor,50000,6250,14.8196,3373.91,0.6815,False
W6.1_xor_N8,8,xor,50000,6250,14.572,3431.24,0.6714,False
W6.1_xor_N8,8,xor,50000,6250,22.1624,2256.07,1.0382,False
W6.1_xor_N8,8,xor,50000,6250,22.1152,2260.89,1.0267,False
W6.1_xor_N8,8,xor,50000,6250,14.7475,3390.41,0.6799,False
W6.1_xor_N8,8,xor,50000,6250,14.6091,3422.52,0.6746,False
W6.1_xor_N8,8,xor,50000,6250,22.1482,2257.52,1.0228,False
W6.1_xor_N8,8,xor,50000,6250,19.1884,2605.74,0.8809,False
W6.1_xor_N8,8,xor,50000,6250,15.3756,3251.91,0.7139,False
W6.1_xor_N8,8,xor,50000,6250,15.2932,3269.43,0.7073,False
W6.1_xor_N8,8,xor,50000,6250,16.3186,3063.99,0.7574,False
W6.1_xor_N8,8,xor,50000,6250,18.9101,2644.09,0.8748,False
W6.1_xor_N8,8,xor,50000,6250,14.7474,3390.43,0.6744,False
W6.1_xor_N8,8,xor,50000,6250,14.5523,3435.88,0.6777,False
W6.1_xor_N8,8,xor,50000,6250,15.7483,3174.95,0.7036,False
W6.1_xor_N8,8,xor,50000,6250,15.2175,3285.69,0.695,False
W6.1_xor_N8,8,xor,50000,6250,14.6677,3408.85,0.6746,False
W6.1_xor_N8,8,xor,50000,6250,14.7513,3389.53,0.6825,False
W6.1_xor_N8,8,xor,50000,6250,14.7165,3397.55,0.6825,False
W6.1_xor_N8,8,xor,50000,6250,22.0277,2269.87,1.0261,False
W6.1_xor_N8,8,xor,50000,6250,21.3018,2347.22,0.9842,False
W6.1_xor_N8,8,xor,50000,6250,22.3499,2237.15,1.0355,False
W6.1_xor_N8,8,xor,50000,6250,19.5202,2561.45,0.9061,False
W6.1_xor_N8,8,xor,50000,6250,15.62,3201.02,0.7208,False
W6.1_xor_N8,8,xor,50000,6250,17.7514,2816.68,0.8159,False
W6.1_xor_N8,8,xor,50000,6250,22.3223,2239.91,1.0494,False
W6.1_xor_N8,8,xor,50000,6250,22.4101,2231.14,1.0277,False
W6.1_xor_N8,8,xor,50000,6250,14.9592,3342.42,0.6914,False
W6.1_xor_N8,8,xor,50000,6250,17.2565,2897.46,0.7941,False
W6.1_xor_N8,8,xor,50000,6250,21.8317,2290.25,1.0108,False
W6.1_xor_N8,8,xor,50000,6250,17.355,2881.01,0.8041,False
W6.1_xor_N8,8,xor,50000,6250,15.4258,3241.32,0.7196,False
W6.1_xor_N8,8,xor,50000,6250,20.9176,2390.33,0.9758,False
W6.1_xor_N8,8,xor,50000,6250,14.6264,3418.48,0.6752,False
W6.1_xor_N8,8,xor,50000,6250,14.389,3474.88,0.6635,False
W6.1_xor_N8,8,xor,50000,6250,22.0776,2264.74,1.0282,False
W6.1_xor_N8,8,xor,50000,6250,14.7346,3393.37,0.677,False
W6.1_xor_N8,8,xor,50000,6250,14.6029,3423.98,0.6925,False
W6.1_xor_N8,8,xor,50000,6250,22.3966,2232.48,1.0157,False
W6.1_xor_N8,8,xor,50000,6250,20.1636,2479.72,0.932,False
W6.1_xor_N8,8,xor,50000,6250,14.7442,3391.16,0.6845,False
W6.1_xor_N8,8,xor,50000,6250,14.7119,3398.61,0.6875,False
W6.1_xor_N8,8,xor,50000,6250,16.6912,2995.59,0.7776,False
W6.1_xor_N8,8,xor,50000,6250,22.1883,2253.44,1.0249,False
W6.1_xor_N8,8,xor,50000,6250,16.712,2991.86,0.7788,False
W6.1_xor_N8,8,xor,50000,6250,14.7216,3396.37,0.6804,False
W6.1_xor_N8,8,xor,50000,6250,14.7491,3390.04,0.684,False
W6.1_xor_N8,8,xor,50000,6250,14.618,3420.44,0.6737,False
W6.1_xor_N8,8,xor,50000,6250,20.1457,2481.92,0.9398,False
W6.1_xor_N8,8,xor,50000,6250,22.182,2254.08,1.0311,False
W6.1_xor_N8,8,xor,50000,6250,14.9957,3334.29,0.6822,False
W6.1_xor_N8,8,xor,50000,6250,14.6132,3421.56,0.6695,False
W6.1_xor_N8,8,xor,50000,6250,20.0171,2497.86,0.9332,False
W6.1_xor_N8,8,xor,50000,6250,18.6032,2687.71,0.8671,False
W6.1_xor_N8,8,xor,50000,6250,17.3773,2877.32,0.7981,False
W6.1_xor_N8,8,xor,50000,6250,15.6464,3195.62,0.7213,False
W6.1_xor_N8,8,xor,50000,6250,14.8394,3369.41,0.6853,False
W6.1_xor_N8,8,xor,50000,6250,14.6161,3420.89,0.6746,False
W6.1_xor_N8,8,xor,50000,6250,15.097,3311.92,0.6979,False
W6.1_xor_N8,8,xor,50000,6250,20.0402,2494.99,0.921,False
W6.1_xor_N8,8,xor,50000,6250,14.7136,3398.22,0.6801,False
W6.1_xor_N8,8,xor,50000,6250,16.8145,2973.62,0.777,False
W6.1_xor_N8,8,xor,50000,6250,22.1307,2259.3,1.025,False
W6.1_xor_N8,8,xor,50000,6250,21.8026,2293.3,0.9935,False
W6.1_xor_N8,8,xor,50000,6250,20.8436,2398.82,0.9652,False
W6.1_xor_N8,8,xor,50000,6250,15.6729,3190.22,0.7202,False
W6.1_xor_N8,8,xor,50000,6250,15.3446,3258.48,0.7102,False
W6.1_xor_N8,8,xor,50000,6250,19.5925,2552.0,0.9,False
W6.1_xor_N8,8,xor,50000,6250,14.9203,3351.14,0.6945,False
W6.1_xor_N8,8,xor,50000,6250,20.5028,2438.69,0.9498,False
W6.1_xor_N8,8,xor,50000,6250,15.5442,3216.63,0.7275,False
W6.1_xor_N8,8,xor,50000,6250,15.2898,3270.15,0.7009,False
W6.1_xor_N8,8,xor,50000,6250,22.1309,2259.28,1.0345,False
W6.1_xor_N8,8,xor,50000,6250,21.7163,2302.42,1.0148,False
W6.1_xor_N8,8,xor,50000,6250,17.3565,2880.77,0.7978,False
W6.1_xor_N8,8,xor,50000,6250,15.5714,3211.02,0.7005,False
W6.1_xor_N8,8,xor,50000,6250,17.803,2808.52,0.8058,False
W6.1_xor_N8,8,xor,50000,6250,19.3552,2583.29,0.9028,False
W6.1_xor_N8,8,xor,50000,6250,15.4844,3229.06,0.7204,False
W6.1_xor_N8,8,xor,50000,6250,20.5482,2433.3,0.9534,False
W6.1_xor_N8,8,xor,50000,6250,14.9847,3336.74,0.6932,False
W6.1_xor_N8,8,xor,50000,6250,14.7288,3394.71,0.6837,False
W6.1_xor_N8,8,xor,50000,6250,22.0728,2265.23,1.0312,False
W6.1_xor_N8,8,xor,50000,6250,14.5936,3426.16,0.676,False
W6.1_xor_N8,8,xor,50000,6250,14.5649,3432.91,0.6651,False
W6.1_xor_N8,8,xor,50000,6250,14.8108,3375.91,0.689,False
W6.1_xor_N8,8,xor,50000,6250,14.9018,3355.3,0.692,False
W6.1_xor_N8,8,xor,50000,6250,14.9324,3348.42,0.6873,False
W6.1_xor_N8,8,xor,50000,6250,16.3892,3050.79,0.7175,False
W6.1_xor_N8,8,xor,50000,6250,14.7123,3398.52,0.6675,False
W6.1_xor_N8,8,xor,50000,6250,14.5818,3428.93,0.67,False
W6.1_xor_N8,8,xor,50000,6250,14.9136,3352.64,0.6788,False
W6.1_xor_N8,8,xor,50000,6250,14.5514,3436.1,0.6704,False
W6.1_xor_N8,8,xor,50000,6250,15.692,3186.34,0.7202,False
W6.1_xor_N8,8,xor,50000,6250,14.644,3414.37,0.6801,False
W6.1_adder_N1,1,adder,50000,50000,38.03,1314.75,0.2971,False
W6.1_adder_N1,1,adder,50000,50000,36.4229,1372.76,0.2865,False
W6.1_adder_N1,1,adder,50000,50000,39.5416,1264.49,0.3129,False
W6.1_adder_N1,1,adder,50000,50000,37.8869,1319.72,0.2959,False
W6.1_adder_N1,1,adder,50000,50000,44.1907,1131.46,0.3482,False
W6.1_adder_N1,1,adder,50000,50000,36.375,1374.57,0.2886,False
W6.1_adder_N1,1,adder,50000,50000,39.1704,1276.47,0.3117,False
W6.1_adder_N1,1,adder,50000,50000,52.8034,946.91,0.4148,False
W6.1_adder_N1,1,adder,50000,50000,52.1551,958.68,0.4058,False
W6.1_adder_N1,1,adder,50000,50000,47.8868,1044.13,0.3612,False
W6.1_adder_N1,1,adder,50000,50000,54.2058,922.41,0.4011,False
W6.1_adder_N1,1,adder,50000,50000,50.8174,983.91,0.3712,False
W6.1_adder_N1,1,adder,50000,50000,36.6035,1365.99,0.2893,False
W6.1_adder_N1,1,adder,50000,50000,46.7845,1068.73,0.3528,False
W6.1_adder_N1,1,adder,50000,50000,38.6581,1293.39,0.2956,False
W6.1_adder_N1,1,adder,50000,50000,43.6521,1145.42,0.342,False
W6.1_adder_N1,1,adder,50000,50000,45.3884,1101.6,0.3562,False
W6.1_adder_N1,1,adder,50000,50000,37.3999,1336.9,0.2946,False
W6.1_adder_N1,1,adder,50000,50000,49.9653,1000.69,0.39,False
W6.1_adder_N1,1,adder,50000,50000,37.4107,1336.52,0.2945,False
W6.1_adder_N1,1,adder,50000,50000,45.4577,1099.92,0.3547,False
W6.1_adder_N1,1,adder,50000,50000,45.7565,1092.74,0.3578,False
W6.1_adder_N1,1,adder,50000,50000,40.4352,1236.55,0.3207,False
W6.1_adder_N1,1,adder,50000,50000,38.181,1309.55,0.2982,False
W6.1_adder_N1,1,adder,50000,50000,38.8891,1285.71,0.3049,False
W6.1_adder_N1,1,adder,50000,50000,47.9379,1043.02,0.3758,False
W6.1_adder_N1,1,adder,50000,50000,36.3601,1375.13,0.285,False
W6.1_adder_N1,1,adder,50000,50000,37.0976,1347.8,0.2916,False
W6.1_adder_N1,1,adder,50000,50000,41.9182,1192.8,0.3292,False
W6.1_adder_N1,1,adder,50000,50000,37.7617,1324.09,0.2973,False
W6.1_adder_N1,1,adder,50000,50000,48.5278,1030.34,0.3797,False
W6.1_adder_N1,1,adder,50000,50000,37.4146,1336.38,0.2939,False
W6.1_adder_N1,1,adder,50000,50000,50.7979,984.29,0.3973,False
W6.1_adder_N1,1,adder,50000,50000,38.3748,1302.94,0.3012,False
W6.1_adder_N1,1,adder,50000,50000,41.0371,1218.41,0.3095,False
W6.1_adder_N1,1,adder,50000,50000,37.6093,1329.46,0.2914,False
W6.1_adder_N1,1,adder,50000,50000,36.6069,1365.86,0.2868,False
W6.1_adder_N1,1,adder,50000,50000,39.362,1270.26,0.3044,False
W6.1_adder_N1,1,adder,50000,50000,40.3757,1238.37,0.3055,False
W6.1_adder_N1,1,adder,50000,50000,52.8315,946.41,0.3935,False
W6.1_adder_N1,1,adder,50000,50000,38.0311,1314.71,0.2959,False
W6.1_adder_N1,1,adder,50000,50000,49.839,1003.23,0.3883,False
W6.1_adder_N1,1,adder,50000,50000,38.7705,1289.64,0.3025,False
W6.1_adder_N1,1,adder,50000,50000,45.3896,1101.57,0.3535,False
W6.1_adder_N1,1,adder,50000,50000,45.3556,1102.4,0.3533,False
W6.1_adder_N1,1,adder,50000,50000,40.3027,1240.61,0.3139,False
W6.1_adder_N1,1,adder,50000,50000,46.8341,1067.6,0.3682,False
W6.1_adder_N1,1,adder,50000,50000,44.9947,1111.24,0.3527,False
W6.1_adder_N1,1,adder,50000,50000,36.7203,1361.64,0.2917,False
W6.1_adder_N1,1,adder,50000,50000,36.9885,1351.77,0.29,False
W6.1_adder_N1,1,adder,50000,50000,38.5076,1298.44,0.3018,False
W6.1_adder_N1,1,adder,50000,50000,50.9137,982.05,0.3982,False
W6.1_adder_N1,1,adder,50000,50000,41.0296,1218.63,0.3236,False
W6.1_adder_N1,1,adder,50000,50000,38.5892,1295.7,0.3017,False
W6.1_adder_N1,1,adder,50000,50000,45.0504,1109.87,0.3524,False
W6.1_adder_N1,1,adder,50000,50000,45.8171,1091.3,0.3609,False
W6.1_adder_N1,1,adder,50000,50000,37.6361,1328.51,0.2998,False
W6.1_adder_N1,1,adder,50000,50000,37.1957,1344.24,0.2935,False
W6.1_adder_N1,1,adder,50000,50000,37.9092,1318.94,0.2958,False
W6.1_adder_N1,1,adder,50000,50000,44.8708,1114.31,0.3518,False
W6.1_adder_N1,1,adder,50000,50000,43.419,1151.57,0.34,False
W6.1_adder_N1,1,adder,50000,50000,37.08,1348.44,0.2928,False
W6.1_adder_N1,1,adder,50000,50000,37.0915,1348.02,0.2952,False
W6.1_adder_N1,1,adder,50000,50000,37.6998,1326.27,0.2992,False
W6.1_adder_N1,1,adder,50000,50000,39.7771,1257.0,0.3032,False
W6.1_adder_N1,1,adder,50000,50000,53.6417,932.11,0.404,False
W6.1_adder_N1,1,adder,50000,50000,37.7474,1324.59,0.2939,False
W6.1_adder_N1,1,adder,50000,50000,37.4767,1334.16,0.2901,False
W6.1_adder_N1,1,adder,50000,50000,47.9766,1042.17,0.364,False
W6.1_adder_N1,1,adder,50000,50000,41.426,1206.97,0.3235,False
W6.1_adder_N1,1,adder,50000,50000,51.8481,964.36,0.4075,False
W6.1_adder_N1,1,adder,50000,50000,41.071,1217.4,0.3207,False
W6.1_adder_N1,1,adder,50000,50000,45.2879,1104.05,0.356,False
W6.1_adder_N1,1,adder,50000,50000,42.0088,1190.23,0.3218,False
W6.1_adder_N1,1,adder,50000,50000,50.1865,996.28,0.3748,False
W6.1_adder_N1,1,adder,50000,50000,48.771,1025.2,0.3672,False
W6.1_adder_N1,1,adder,50000,50000,49.8616,1002.78,0.3753,False
W6.1_adder_N1,1,adder,50000,50000,37.7869,1323.21,0.2943,False
W6.1_adder_N1,1,adder,50000,50000,45.4852,1099.26,0.3604,False
W6.1_adder_N1,1,adder,50000,50000,45.3861,1101.66,0.3555,False
W6.1_adder_N1,1,adder,50000,50000,43.7855,1141.93,0.3343,False
W6.1_adder_N1,1,adder,50000,50000,45.5064,1098.75,0.3449,False
W6.1_adder_N1,1,adder,50000,50000,39.6385,1261.4,0.3058,False
W6.1_adder_N1,1,adder,50000,50000,45.6664,1094.9,0.3511,False
W6.1_adder_N1,1,adder,50000,50000,39.4488,1267.47,0.3059,False
W6.1_adder_N1,1,adder,50000,50000,48.6219,1028.34,0.3792,False
W6.1_adder_N1,1,adder,50000,50000,36.1279,1383.97,0.2874,False
W6.1_adder_N1,1,adder,50000,50000,38.0499,1314.06,0.3007,False
W6.1_adder_N1,1,adder,50000,50000,45.4198,1100.84,0.3537,False
W6.1_adder_N1,1,adder,50000,50000,44.4004,1126.12,0.3498,False
W6.1_adder_N1,1,adder,50000,50000,45.4718,1099.58,0.3566,False
W6.1_adder_N1,1,adder,50000,50000,50.2917,994.2,0.3937,False
W6.1_adder_N1,1,adder,50000,50000,44.9375,1112.66,0.3512,False
W6.1_adder_N1,1,adder,50000,50000,47.0836,1061.94,0.3669,False
W6.1_adder_N1,1,adder,50000,50000,40.807,1225.28,0.3202,False
W6.1_adder_N1,1,adder,50000,50000,39.2888,1272.63,0.308,False
W6.1_adder_N1,1,adder,50000,50000,44.8995,1113.6,0.3516,False
W6.1_adder_N1,1,adder,50000,50000,36.1837,1381.84,0.2879,False
W6.1_adder_N1,1,adder,50000,50000,53.1711,940.36,0.4165,False
W6.1_adder_N1,1,adder,50000,50000,36.4518,1371.67,0.2874,False
W6.1_adder_N2,2,adder,50000,25000,31.0223,1611.74,0.5067,True
W6.1_adder_N2,2,adder,50000,25000,24.6629,2027.34,0.4027,True
W6.1_adder_N2,2,adder,50000,25000,35.9798,1389.67,0.5905,True
W6.1_adder_N2,2,adder,50000,25000,24.2793,2059.37,0.3996,True
W6.1_adder_N2,2,adder,50000,25000,32.9749,1516.3,0.5406,True
W6.1_adder_N2,2,adder,50000,25000,26.4549,1890.01,0.431,True
W6.1_adder_N2,2,adder,50000,25000,24.5668,2035.27,0.3966,True
W6.1_adder_N2,2,adder,50000,25000,30.6953,1628.91,0.5023,True
W6.1_adder_N2,2,adder,50000,25000,25.8626,1933.29,0.4232,True
W6.1_adder_N2,2,adder,50000,25000,24.3895,2050.06,0.399,True
W6.1_adder_N2,2,adder,50000,25000,32.0406,1560.52,0.5275,True
W6.1_adder_N2,2,adder,50000,25000,33.238,1504.3,0.5436,True
W6.1_adder_N2,2,adder,50000,25000,24.311,2056.68,0.3969,True
W6.1_adder_N2,2,adder,50000,25000,24.1411,2071.16,0.3911,True
W6.1_adder_N2,2,adder,50000,25000,24.4522,2044.81,0.4042,True
W6.1_adder_N2,2,adder,50000,25000,26.214,1907.38,0.4306,True
W6.1_adder_N2,2,adder,50000,25000,23.8533,2096.15,0.3898,True
W6.1_adder_N2,2,adder,50000,25000,25.6814,1946.93,0.4206,True
W6.1_adder_N2,2,adder,50000,25000,25.0006,1999.95,0.4067,True
W6.1_adder_N2,2,adder,50000,25000,24.0977,2074.89,0.396,True
W6.1_adder_N2,2,adder,50000,25000,24.6611,2027.48,0.4019,True
W6.1_adder_N2,2,adder,50000,25000,28.1899,1773.68,0.4626,True
W6.1_adder_N2,2,adder,50000,25000,28.7897,1736.73,0.4703,True
W6.1_adder_N2,2,adder,50000,25000,24.288,2058.63,0.3968,True
W6.1_adder_N2,2,adder,50000,25000,31.958,1564.55,0.5268,True
W6.1_adder_N2,2,adder,50000,25000,33.7634,1480.89,0.5514,True
W6.1_adder_N2,2,adder,50000,25000,24.299,2057.7,0.3948,True
W6.1_adder_N2,2,adder,50000,25000,35.5845,1405.11,0.5854,True
W6.1_adder_N2,2,adder,50000,25000,28.0813,1780.54,0.4583,True
W6.1_adder_N2,2,adder,50000,25000,24.2432,2062.43,0.3958,True
W6.1_adder_N2,2,adder,50000,25000,32.6096,1533.29,0.5327,True
W6.1_adder_N2,2,adder,50000,25000,29.919,1671.18,0.486,True
W6.1_adder_N2,2,adder,50000,25000,30.561,1636.07,0.498,True
W6.1_adder_N2,2,adder,50000,25000,24.4954,2041.2,0.4002,True
W6.1_adder_N2,2,adder,50000,25000,35.1958,1420.62,0.5405,True
W6.1_adder_N2,2,adder,50000,25000,26.6356,1877.19,0.4197,True
W6.1_adder_N2,2,adder,50000,25000,37.6446,1328.21,0.5528,True
W6.1_adder_N2,2,adder,50000,25000,29.1763,1713.72,0.4447,True
W6.1_adder_N2,2,adder,50000,25000,31.645,1580.03,0.4857,True
W6.1_adder_N2,2,adder,50000,25000,36.604,1365.97,0.5672,True
W6.1_adder_N2,2,adder,50000,25000,26.6826,1873.88,0.4324,True
W6.1_adder_N2,2,adder,50000,25000,24.2718,2060.0,0.3958,True
W6.1_adder_N2,2,adder,50000,25000,35.8826,1393.43,0.5864,True
W6.1_adder_N2,2,adder,50000,25000,26.2985,1901.25,0.4317,True
W6.1_adder_N2,2,adder,50000,25000,24.1464,2070.7,0.3942,True
W6.1_adder_N2,2,adder,50000,25000,31.5172,1586.44,0.5172,True
W6.1_adder_N2,2,adder,50000,25000,36.512,1369.41,0.5946,True
W6.1_adder_N2,2,adder,50000,25000,25.5137,1959.73,0.4169,True
W6.1_adder_N2,2,adder,50000,25000,33.8513,1477.05,0.5515,True
W6.1_adder_N2,2,adder,50000,25000,26.5747,1881.49,0.4345,True
W6.1_adder_N2,2,adder,50000,25000,32.5157,1537.72,0.5307,True
W6.1_adder_N2,2,adder,50000,25000,25.0177,1998.59,0.4109,True
W6.1_adder_N2,2,adder,50000,25000,24.7103,2023.45,0.4037,True
W6.1_adder_N2,2,adder,50000,25000,32.094,1557.92,0.5239,True
W6.1_adder_N2,2,adder,50000,25000,28.4713,1756.15,0.4662,True
W6.1_adder_N2,2,adder,50000,25000,29.1343,1716.19,0.4778,True
W6.1_adder_N2,2,adder,50000,25000,25.0558,1995.55,0.409,True
W6.1_adder_N2,2,adder,50000,25000,24.2142,2064.9,0.3928,True
W6.1_adder_N2,2,adder,50000,25000,32.9564,1517.16,0.5365,True
W6.1_adder_N2,2,adder,50000,25000,33.2197,1505.13,0.5491,True
W6.1_adder_N2,2,adder,50000,25000,24.2445,2062.32,0.3931,True
W6.1_adder_N2,2,adder,50000,25000,35.7329,1399.27,0.5838,True
W6.1_adder_N2,2,adder,50000,25000,26.6917,1873.24,0.4343,True
W6.1_adder_N2,2,adder,50000,25000,24.3716,2051.57,0.3974,True
W6.1_adder_N2,2,adder,50000,25000,33.2569,1503.45,0.5407,True
W6.1_adder_N2,2,adder,50000,25000,30.3461,1647.66,0.4922,True
W6.1_adder_N2,2,adder,50000,25000,24.4533,2044.71,0.4013,True
W6.1_adder_N2,2,adder,50000,25000,34.7756,1437.79,0.5283,True
W6.1_adder_N2,2,adder,50000,25000,30.132,1659.37,0.4734,True
W6.1_adder_N2,2,adder,50000,25000,36.7684,1359.86,0.5599,True
W6.1_adder_N2,2,adder,50000,25000,25.242,1980.83,0.4011,True
W6.1_adder_N2,2,adder,50000,25000,33.8301,1477.97,0.5116,True
W6.1_adder_N2,2,adder,50000,25000,33.7828,1480.04,0.5412,True
W6.1_adder_N2,2,adder,50000,25000,34.1247,1465.21,0.5598,True
W6.1_adder_N2,2,adder,50000,25000,36.1616,1382.68,0.5889,True
W6.1_adder_N2,2,adder,50000,25000,25.4824,1962.14,0.4188,True
W6.1_adder_N2,2,adder,50000,25000,27.3827,1825.97,0.4412,True
W6.1_adder_N2,2,adder,50000,25000,29.8288,1676.23,0.4899,True
W6.1_adder_N2,2,adder,50000,25000,26.9882,1852.66,0.4406,True
W6.1_adder_N2,2,adder,50000,25000,32.0824,1558.49,0.5263,True
W6.1_adder_N2,2,adder,50000,25000,31.5354,1585.52,0.5152,True
W6.1_adder_N2,2,adder,50000,25000,25.0116,1999.07,0.4083,True
W6.1_adder_N2,2,adder,50000,25000,24.1841,2067.47,0.3927,True
W6.1_adder_N2,2,adder,50000,25000,27.2512,1834.78,0.4445,True
W6.1_adder_N2,2,adder,50000,25000,30.6449,1631.59,0.5022,True
W6.1_adder_N2,2,adder,50000,25000,25.0696,1994.45,0.4088,True
W6.1_adder_N2,2,adder,50000,25000,24.2922,2058.27,0.3957,True
W6.1_adder_N2,2,adder,50000,25000,28.7074,1741.71,0.4696,True
W6.1_adder_N2,2,adder,50000,25000,27.0815,1846.28,0.4443,True
W6.1_adder_N2,2,adder,50000,25000,31.7339,1575.6,0.5176,True
W6.1_adder_N2,2,adder,50000,25000,31.7834,1573.15,0.5215,True
W6.1_adder_N2,2,adder,50000,25000,23.9134,2090.88,0.3949,True
W6.1_adder_N2,2,adder,50000,25000,32.9407,1517.88,0.5362,True
W6.1_adder_N2,2,adder,50000,25000,24.2557,2061.37,0.3971,True
W6.1_adder_N2,2,adder,50000,25000,24.4901,2041.64,0.3981,True
W6.1_adder_N2,2,adder,50000,25000,24.1853,2067.37,0.3942,True
W6.1_adder_N2,2,adder,50000,25000,33.2536,1503.6,0.5441,True
W6.1_adder_N2,2,adder,50000,25000,24.2753,2059.71,0.3984,True
W6.1_adder_N2,2,adder,50000,25000,32.0578,1559.68,0.5246,True
W6.1_adder_N2,2,adder,50000,25000,25.3869,1969.52,0.415,True
W6.1_adder_N4,4,adder,50000,12500,27.4283,1822.93,0.9548,True
W6.1_adder_N4,4,adder,50000,12500,19.7029,2537.7,0.6926,True
W6.1_adder_N4,4,adder,50000,12500,17.9973,2778.19,0.6413,True
W6.1_adder_N4,4,adder,50000,12500,26.0116,1922.22,0.9111,True
W6.1_adder_N4,4,adder,50000,12500,26.5044,1886.48,0.9223,True
W6.1_adder_N4,4,adder,50000,12500,28.3218,1765.42,0.9826,True
W6.1_adder_N4,4,adder,50000,12500,23.8641,2095.2,0.8326,True
W6.1_adder_N4,4,adder,50000,12500,19.0596,2623.35,0.671,True
W6.1_adder_N4,4,adder,50000,12500,18.3053,2731.45,0.6488,True
W6.1_adder_N4,4,adder,50000,12500,24.0687,2077.39,0.8475,True
W6.1_adder_N4,4,adder,50000,12500,26.1412,1912.69,0.9125,True
W6.1_adder_N4,4,adder,50000,12500,18.1145,2760.22,0.6473,True
W6.1_adder_N4,4,adder,50000,12500,17.9244,2789.49,0.6432,True
W6.1_adder_N4,4,adder,50000,12500,25.9643,1925.72,0.8912,True
W6.1_adder_N4,4,adder,50000,12500,26.1433,1912.54,0.9123,True
W6.1_adder_N4,4,adder,50000,12500,17.9005,2793.22,0.6382,True
W6.1_adder_N4,4,adder,50000,12500,18.091,2763.81,0.648,True
W6.1_adder_N4,4,adder,50000,12500,25.0763,1993.91,0.8721,True
W6.1_adder_N4,4,adder,50000,12500,19.5424,2558.54,0.6953,True
W6.1_adder_N4,4,adder,50000,12500,17.9771,2781.32,0.642,True
W6.1_adder_N4,4,adder,50000,12500,24.9072,2007.45,0.8733,True
W6.1_adder_N4,4,adder,50000,12500,17.7339,2819.46,0.6304,True
W6.1_adder_N4,4,adder,50000,12500,17.9124,2791.36,0.6416,True
W6.1_adder_N4,4,adder,50000,12500,18.2027,2746.85,0.6499,True
W6.1_adder_N4,4,adder,50000,12500,18.2438,2740.66,0.6498,True
W6.1_adder_N4,4,adder,50000,12500,22.9712,2176.64,0.8013,True
W6.1_adder_N4,4,adder,50000,12500,27.1353,1842.62,0.9383,True
W6.1_adder_N4,4,adder,50000,12500,18.1129,2760.46,0.6453,True
W6.1_adder_N4,4,adder,50000,12500,18.7851,2661.68,0.6678,True
W6.1_adder_N4,4,adder,50000,12500,21.1459,2364.52,0.7401,True
W6.1_adder_N4,4,adder,50000,12500,20.9761,2383.67,0.7354,True
W6.1_adder_N4,4,adder,50000,12500,17.9326,2788.22,0.6432,True
W6.1_adder_N4,4,adder,50000,12500,17.8582,2799.83,0.6365,True
W6.1_adder_N4,4,adder,50000,12500,24.8485,2012.19,0.8715,True
W6.1_adder_N4,4,adder,50000,12500,18.1033,2761.93,0.6457,True
W6.1_adder_N4,4,adder,50000,12500,18.0128,2775.8,0.6472,True
W6.1_adder_N4,4,adder,50000,12500,18.0731,2766.54,0.6533,True
W6.1_adder_N4,4,adder,50000,12500,25.8556,1933.82,0.9027,True
W6.1_adder_N4,4,adder,50000,12500,17.9809,2780.73,0.6423,True
W6.1_adder_N4,4,adder,50000,12500,21.4366,2332.46,0.7558,True
W6.1_adder_N4,4,adder,50000,12500,21.3134,2345.94,0.7549,True
W6.1_adder_N4,4,adder,50000,12500,18.1486,2755.03,0.6519,True
W6.1_adder_N4,4,adder,50000,12500,27.911,1791.41,0.9654,True
W6.1_adder_N4,4,adder,50000,12500,26.5782,1881.24,0.9257,True
W6.1_adder_N4,4,adder,50000,12500,24.6802,2025.92,0.8722,True
W6.1_adder_N4,4,adder,50000,12500,18.731,2669.37,0.6597,True
W6.1_adder_N4,4,adder,50000,12500,22.4631,2225.87,0.7821,True
W6.1_adder_N4,4,adder,50000,12500,27.2053,1837.88,0.9557,True
W6.1_adder_N4,4,adder,50000,12500,25.8369,1935.22,0.8878,True
W6.1_adder_N4,4,adder,50000,12500,24.4848,2042.08,0.8588,True
W6.1_adder_N4,4,adder,50000,12500,26.0297,1920.88,0.9062,True
W6.1_adder_N4,4,adder,50000,12500,25.6276,1951.02,0.8876,True
W6.1_adder_N4,4,adder,50000,12500,27.3256,1829.79,0.9382,True
W6.1_adder_N4,4,adder,50000,12500,19.7192,2535.6,0.6921,True
W6.1_adder_N4,4,adder,50000,12500,18.2277,2743.08,0.6497,True
W6.1_adder_N4,4,adder,50000,12500,24.865,2010.86,0.8743,True
W6.1_adder_N4,4,adder,50000,12500,27.3378,1828.97,0.9568,True
W6.1_adder_N4,4,adder,50000,12500,18.0106,2776.14,0.6457,True
W6.1_adder_N4,4,adder,50000,12500,19.5759,2554.16,0.6985,True
W6.1_adder_N4,4,adder,50000,12500,20.1191,2485.2,0.7139,True
W6.1_adder_N4,4,adder,50000,12500,25.7289,1943.34,0.8998,True
W6.1_adder_N4,4,adder,50000,12500,21.7078,2303.32,0.7665,True
W6.1_adder_N4,4,adder,50000,12500,17.8778,2796.76,0.6437,True
W6.1_adder_N4,4,adder,50000,12500,25.4227,1966.75,0.8892,True
W6.1_adder_N4,4,adder,50000,12500,24.6947,2024.73,0.8683,True
W6.1_adder_N4,4,adder,50000,12500,24.4546,2044.61,0.8254,True
W6.1_adder_N4,4,adder,50000,12500,23.7985,2100.97,0.7991,True
W6.1_adder_N4,4,adder,50000,12500,26.2146,1907.33,0.8962,True
W6.1_adder_N4,4,adder,50000,12500,27.8878,1792.9,0.9362,True
W6.1_adder_N4,4,adder,50000,12500,20.2474,2469.45,0.7081,True
W6.1_adder_N4,4,adder,50000,12500,23.872,2094.5,0.8384,True
W6.1_adder_N4,4,adder,50000,12500,19.58,2553.63,0.6953,True
W6.1_adder_N4,4,adder,50000,12500,19.2962,2591.18,0.685,True
W6.1_adder_N4,4,adder,50000,12500,17.9654,2783.13,0.6451,True
W6.1_adder_N4,4,adder,50000,12500,17.9686,2782.63,0.6449,True
W6.1_adder_N4,4,adder,50000,12500,20.1371,2482.98,0.7162,True
W6.1_adder_N4,4,adder,50000,12500,18.422,2714.15,0.6485,True
W6.1_adder_N4,4,adder,50000,12500,17.6824,2827.67,0.6232,True
W6.1_adder_N4,4,adder,50000,12500,17.9153,2790.91,0.647,True
W6.1_adder_N4,4,adder,50000,12500,25.1372,1989.08,0.8841,True
W6.1_adder_N4,4,adder,50000,12500,18.4153,2715.13,0.6583,True
W6.1_adder_N4,4,adder,50000,12500,18.2233,2743.74,0.6503,True
W6.1_adder_N4,4,adder,50000,12500,19.3648,2582.0,0.694,True
W6.1_adder_N4,4,adder,50000,12500,20.4968,2439.41,0.7279,True
W6.1_adder_N4,4,adder,50000,12500,27.0602,1847.73,0.9506,True
W6.1_adder_N4,4,adder,50000,12500,24.0837,2076.09,0.8419,True
W6.1_adder_N4,4,adder,50000,12500,18.0359,2772.25,0.6408,True
W6.1_adder_N4,4,adder,50000,12500,21.6946,2304.72,0.7632,True
W6.1_adder_N4,4,adder,50000,12500,21.3983,2336.63,0.7603,True
W6.1_adder_N4,4,adder,50000,12500,22.9879,2175.06,0.8071,True
W6.1_adder_N4,4,adder,50000,12500,19.4697,2568.09,0.6891,True
W6.1_adder_N4,4,adder,50000,12500,17.9425,2786.68,0.6423,True
W6.1_adder_N4,4,adder,50000,12500,22.6549,2207.03,0.7998,True
W6.1_adder_N4,4,adder,50000,12500,26.3692,1896.15,0.9207,True
W6.1_adder_N4,4,adder,50000,12500,18.2757,2735.87,0.6545,True
W6.1_adder_N4,4,adder,50000,12500,17.8337,2803.68,0.6364,True
W6.1_adder_N4,4,adder,50000,12500,22.6282,2209.63,0.7994,True
W6.1_adder_N4,4,adder,50000,12500,19.4232,2574.24,0.6929,True
W6.1_adder_N4,4,adder,50000,12500,19.6289,2547.26,0.7006,True
W6.1_adder_N4,4,adder,50000,12500,24.0905,2075.51,0.8491,True
W6.1_adder_N8,8,adder,50000,6250,15.3874,3249.41,1.1541,True
W6.1_adder_N8,8,adder,50000,6250,14.3224,3491.04,1.0701,True
W6.1_adder_N8,8,adder,50000,6250,22.3523,2236.91,1.6216,True
W6.1_adder_N8,8,adder,50000,6250,22.4668,2225.51,1.6038,True
W6.1_adder_N8,8,adder,50000,6250,14.5454,3437.51,1.0864,True
W6.1_adder_N8,8,adder,50000,6250,14.4637,3456.93,1.0831,True
W6.1_adder_N8,8,adder,50000,6250,21.8049,2293.06,1.5789,True
W6.1_adder_N8,8,adder,50000,6250,14.9686,3340.33,1.1108,True
W6.1_adder_N8,8,adder,50000,6250,15.0944,3312.49,1.1241,True
W6.1_adder_N8,8,adder,50000,6250,14.4349,3463.83,1.0744,True
W6.1_adder_N8,8,adder,50000,6250,15.1775,3294.35,1.1369,True
W6.1_adder_N8,8,adder,50000,6250,14.5811,3429.1,1.0882,True
W6.1_adder_N8,8,adder,50000,6250,14.817,3374.5,1.1205,True
W6.1_adder_N8,8,adder,50000,6250,17.8685,2798.22,1.3263,True
W6.1_adder_N8,8,adder,50000,6250,18.2825,2734.86,1.3442,True
W6.1_adder_N8,8,adder,50000,6250,14.652,3412.5,1.0982,True
W6.1_adder_N8,8,adder,50000,6250,14.4872,3451.32,1.0989,True
W6.1_adder_N8,8,adder,50000,6250,14.6947,3402.59,1.0928,True
W6.1_adder_N8,8,adder,50000,6250,19.5106,2562.71,1.4234,True
W6.1_adder_N8,8,adder,50000,6250,14.4463,3461.09,1.0857,True
W6.1_adder_N8,8,adder,50000,6250,15.1634,3297.41,1.1261,True
W6.1_adder_N8,8,adder,50000,6250,15.8699,3150.62,1.1761,True
W6.1_adder_N8,8,adder,50000,6250,16.1226,3101.24,1.1915,True
W6.1_adder_N8,8,adder,50000,6250,19.4866,2565.87,1.4268,True
W6.1_adder_N8,8,adder,50000,6250,15.2697,3274.46,1.1345,True
W6.1_adder_N8,8,adder,50000,6250,15.8604,3152.51,1.1806,True
W6.1_adder_N8,8,adder,50000,6250,22.7111,2201.57,1.6456,True
W6.1_adder_N8,8,adder,50000,6250,22.4744,2224.75,1.6152,True
W6.1_adder_N8,8,adder,50000,6250,14.5805,3429.24,1.0833,True
W6.1_adder_N8,8,adder,50000,6250,14.9142,3352.51,1.1108,True
W6.1_adder_N8,8,adder,50000,6250,14.5661,3432.63,1.0872,True
W6.1_adder_N8,8,adder,50000,6250,15.5091,3223.91,1.1397,True
W6.1_adder_N8,8,adder,50000,6250,14.4011,3471.96,1.0725,True
W6.1_adder_N8,8,adder,50000,6250,21.647,2309.79,1.5622,True
W6.1_adder_N8,8,adder,50000,6250,14.5593,3434.23,1.0869,True
W6.1_adder_N8,8,adder,50000,6250,14.5695,3431.83,1.0962,True
W6.1_adder_N8,8,adder,50000,6250,18.6562,2680.07,1.3603,True
W6.1_adder_N8,8,adder,50000,6250,17.3132,2887.97,1.2755,True
W6.1_adder_N8,8,adder,50000,6250,14.532,3440.68,1.0884,True
W6.1_adder_N8,8,adder,50000,6250,14.7921,3380.18,1.105,True
W6.1_adder_N8,8,adder,50000,6250,15.1902,3291.6,1.1321,True
W6.1_adder_N8,8,adder,50000,6250,14.6683,3408.71,1.0958,True
W6.1_adder_N8,8,adder,50000,6250,17.9462,2786.11,1.3206,True
W6.1_adder_N8,8,adder,50000,6250,16.358,3056.61,1.2002,True
W6.1_adder_N8,8,adder,50000,6250,15.3902,3248.82,1.1325,True
W6.1_adder_N8,8,adder,50000,6250,14.8063,3376.94,1.1065,True
W6.1_adder_N8,8,adder,50000,6250,18.0847,2764.77,1.3168,True
W6.1_adder_N8,8,adder,50000,6250,22.4637,2225.81,1.6178,True
W6.1_adder_N8,8,adder,50000,6250,19.2395,2598.82,1.3928,True
W6.1_adder_N8,8,adder,50000,6250,14.8732,3361.75,1.108,True
W6.1_adder_N8,8,adder,50000,6250,14.5962,3425.55,1.0838,True
W6.1_adder_N8,8,adder,50000,6250,17.9235,2789.63,1.2963,True
W6.1_adder_N8,8,adder,50000,6250,18.4384,2711.73,1.3503,True
W6.1_adder_N8,8,adder,50000,6250,16.1349,3098.87,1.1928,True
W6.1_adder_N8,8,adder,50000,6250,14.6791,3406.2,1.0979,True
W6.1_adder_N8,8,adder,50000,6250,15.1014,3310.95,1.1159,True
W6.1_adder_N8,8,adder,50000,6250,22.3892,2233.22,1.6004,True
W6.1_adder_N8,8,adder,50000,6250,17.8111,2807.24,1.3021,True
W6.1_adder_N8,8,adder,50000,6250,22.229,2249.31,1.6117,True
W6.1_adder_N8,8,adder,50000,6250,14.6797,3406.06,1.0964,True
W6.1_adder_N8,8,adder,50000,6250,14.5917,3426.61,1.0863,True
W6.1_adder_N8,8,adder,50000,6250,17.0619,2930.51,1.2628,True
W6.1_adder_N8,8,adder,50000,6250,19.2989,2590.82,1.4004,True
W6.1_adder_N8,8,adder,50000,6250,16.1082,3104.01,1.188,True
W6.1_adder_N8,8,adder,50000,6250,14.4805,3452.92,1.0814,True
W6.1_adder_N8,8,adder,50000,6250,14.4057,3470.85,1.073,True
W6.1_adder_N8,8,adder,50000,6250,14.6788,3406.27,1.0926,True
W6.1_adder_N8,8,adder,50000,6250,14.8601,3364.71,1.1097,True
W6.1_adder_N8,8,adder,50000,6250,14.4838,3452.13,1.0786,True
W6.1_adder_N8,8,adder,50000,6250,17.9428,2786.63,1.311,True
W6.1_adder_N8,8,adder,50000,6250,15.6038,3204.35,1.1576,True
W6.1_adder_N8,8,adder,50000,6250,20.629,2423.77,1.4915,True
W6.1_adder_N8,8,adder,50000,6250,20.7441,2410.32,1.4963,True
W6.1_adder_N8,8,adder,50000,6250,14.6756,3407.02,1.0948,True
W6.1_adder_N8,8,adder,50000,6250,14.5937,3426.14,1.0891,True
W6.1_adder_N8,8,adder,50000,6250,14.4817,3452.63,1.0848,True
W6.1_adder_N8,8,adder,50000,6250,14.6586,3410.97,1.0977,True
W6.1_adder_N8,8,adder,50000,6250,14.6816,3405.62,1.0963,True
W6.1_adder_N8,8,adder,50000,6250,16.734,2987.93,1.2389,True
W6.1_adder_N8,8,adder,50000,6250,19.5319,2559.91,1.4201,True
W6.1_adder_N8,8,adder,50000,6250,14.4726,3454.8,1.0826,True
W6.1_adder_N8,8,adder,50000,6250,19.3709,2581.19,1.4077,True
W6.1_adder_N8,8,adder,50000,6250,18.0707,2766.91,1.3193,True
W6.1_adder_N8,8,adder,50000,6250,15.3002,3267.93,1.1356,True
W6.1_adder_N8,8,adder,50000,6250,14.566,3432.65,1.0516,True
W6.1_adder_N8,8,adder,50000,6250,14.5811,3429.1,1.0812,True
W6.1_adder_N8,8,adder,50000,6250,14.5462,3437.32,1.0797,True
W6.1_adder_N8,8,adder,50000,6250,20.3501,2456.99,1.4744,True
W6.1_adder_N8,8,adder,50000,6250,16.0827,3108.93,1.1936,True
W6.1_adder_N8,8,adder,50000,6250,14.6816,3405.62,1.0859,True
W6.1_adder_N8,8,adder,50000,6250,14.7745,3384.21,1.099,True
W6.1_adder_N8,8,adder,50000,6250,20.8308,2400.29,1.5043,True
W6.1_adder_N8,8,adder,50000,6250,14.4982,3448.7,1.0848,True
W6.1_adder_N8,8,adder,50000,6250,14.5595,3434.18,1.0928,True
W6.1_adder_N8,8,adder,50000,6250,14.3412,3486.46,1.0708,True
W6.1_adder_N8,8,adder,50000,6250,21.1667,2362.2,1.5249,True
W6.1_adder_N8,8,adder,50000,6250,22.643,2208.19,1.627,True
W6.1_adder_N8,8,adder,50000,6250,15.3355,3260.41,1.1339,True
W6.1_adder_N8,8,adder,50000,6250,15.4743,3231.16,1.1562,True
W6.1_adder_N8,8,adder,50000,6250,14.4533,3459.42,1.0646,True
